<?xml version="1.0" encoding="utf-8"?>
<!DOCTYPE book PUBLIC "-//OASIS//DTD DocBook XML V4.5//EN"
"http://www.oasis-open.org/docbook/xml/4.5/docbookx.dtd"[
<!ENTITY rest "<varname>&amp;rest</varname>">
<!ENTITY key "<varname>&amp;key</varname>">
<!ENTITY optional "<varname>&amp;optional</varname>">
<!ENTITY body "<varname>&amp;body</varname>">
<!ENTITY aux "<varname>&amp;aux</varname>">
<!ENTITY allow-other-keys "<varname>&amp;allow-other-keys</varname>">
<!ENTITY CCL "Clozure CL">
]>

<book lang="en">
 <bookinfo>
  <title>&CCL; Documentation</title>
 </bookinfo>
<!-- -->
<xi:include xmlns:xi="http://www.w3.org/2001/XInclude"
            href="about.xml"/>
<xi:include xmlns:xi="http://www.w3.org/2001/XInclude"
            href="install.xml"/>
<xi:include xmlns:xi="http://www.w3.org/2001/XInclude"
            href="build.xml"/>
<xi:include xmlns:xi="http://www.w3.org/2001/XInclude"
            href="using.xml"/>
<xi:include xmlns:xi="http://www.w3.org/2001/XInclude"
            href="ide.xml"/>
<xi:include xmlns:xi="http://www.w3.org/2001/XInclude"
            href="threads.xml"/>
<xi:include xmlns:xi="http://www.w3.org/2001/XInclude"
            href="sockets.xml"/>
<xi:include xmlns:xi="http://www.w3.org/2001/XInclude"
            href="external-process.xml"/>
<xi:include xmlns:xi="http://www.w3.org/2001/XInclude"
            href="streams.xml"/>
<xi:include xmlns:xi="http://www.w3.org/2001/XInclude"
            href="mop.xml"/>
<xi:include xmlns:xi="http://www.w3.org/2001/XInclude"
            href="profile.xml"/>
<xi:include xmlns:xi="http://www.w3.org/2001/XInclude"
            href="ffi.xml"/>
<xi:include xmlns:xi="http://www.w3.org/2001/XInclude"
            href="objc-bridge.xml"/>
<xi:include xmlns:xi="http://www.w3.org/2001/XInclude"
            href="platform-notes.xml"/>
<xi:include xmlns:xi="http://www.w3.org/2001/XInclude"
            href="gc.xml"/>
<xi:include xmlns:xi="http://www.w3.org/2001/XInclude"
            href="implementation.xml"/>
<xi:include xmlns:xi="http://www.w3.org/2001/XInclude"
            href="modifying.xml"/>
<xi:include xmlns:xi="http://www.w3.org/2001/XInclude"
            href="q-and-a.xml"/>
<xi:include xmlns:xi="http://www.w3.org/2001/XInclude"
            href="glossary.xml"/>

 <index id="Symbol-Index"><title>Symbol Index</title></index>
</book>
